{"ALA": 0.15230061270657586, "OLL": 0.3124504021447721, "BAR": 0.1053130582332667, "NEM": 0.2690459849004805, "ALV": 0.3891258613035842, "CES": 0.20763558405182425, "ABR": 0.2638556599740974, "YOH": 0.02463740323182978, "ANU": 0.5389255874279855, "OLA": 0.06834706737760543, "PAC": 0.29796544035674466, "NER": 0.46643361532545624, "YIN": 0.4447481452557595, "DOR": 0.23533250019353913, "LAS": 0.14911366006256516, "ERI": 0.12765159708702867, "FIC": 0.18938544353482117, "OLG": 0.45638275933182104, "JEA": 0.5328368314150305, "BER": 0.28399813751358066, "PAT": 0.5344929828029255, "HER": 0.38887327901095814, "HOR": 0.27214725726019356, "GAN": 0.006963042313872514}